form_id,_fivetran_deleted,block_short_text_placeholder,label_error_email_address,label_error_expiry_month_title,label_error_expiry_year_title,label_warning_fallback_alert,block_file_upload_choose,block_file_upload_drag,label_error_size_limit,label_warning_form_unavailable,label_error_incomplete_form,label_hint_key,block_legal_reject,block_legal_accept,label_error_max_value,label_error_max_length,label_error_min_value,label_error_range,block_multiple_choice_hint,label_error_must_enter,label_error_must_select,label_no_shortcut,label_no_default,block_dropdown_hint,block_multiple_choice_other,label_progress_percent,label_progress_proportion,label_error_required,label_preview,label_button_review,label_error_server,label_action_share,label_button_submit,label_warning_success,label_button_ok,label_error_must_accept,block_longtext_hint,block_dropdown_placeholder,block_dropdown_placeholder_touch,label_error_url,label_yes_shortcut,label_yes_default,block_file_upload_uploading_progress,_fivetran_synced
yeS1TlQR,False,,,,,,,,,,,,,,,,,,,,,,,,,,,,,,,,,,,,,,,,,,,2024-05-11 00:02:36.983000+00:00
lO3sHn,False,,,,,,,,,,,,,,,,,,,,,,,,,,,,,,,,,,,,,,,,,,,2024-05-11 00:02:50.623000+00:00
Txo4Ri0C,False,,,,,,,,,,,,,,,,,,,,,,,,,,,,,,,,,,,,,,,,,,,2024-05-11 00:02:40.700000+00:00
rqXardP6,False,,,,,,,,,,,,,,,,,,,,,,,,,,,,,,,,,,,,,,,,,,,2024-05-11 00:02:33.175000+00:00
fVpJAWb6,False,,,,,,,,,,,,,,,,,,,,,,,,,,,,,,,,,,,,,,,,,,,2024-05-11 00:02:22.194000+00:00
Wc0VU0TL,False,,,,,,,,,,,,,,,,,,,,,,,,,,,,,,,,,,,,,,,,,,,2024-05-11 00:02:13.529000+00:00
kpF10uRx,False,,,,,,,,,,,,,,,,,,,,,,,,,,,,,,,,,,,,,,,,,,,2024-05-11 00:02:19.998000+00:00
CeKmJj5Q,False,,,,,,,,,,,,,,,,,,,,,,,,,,,,,,,,,,,,,,,,,,,2024-05-11 00:02:23.098000+00:00
sqRpzIS3,False,,,,,,,,,,,,,,,,,,,,,,,,,,,,,,,,,,,,,,,,,,,2024-05-11 00:02:15.024000+00:00
prVoxNf9,False,,,,,,,,,,,,,,,,,,,,,,,,,,,,,,,,,,,,,,,,,,,2024-05-11 00:02:38.231000+00:00
pmP1rTmc,False,,,,,,,,,,,,,,,,,,,,,,,,,,,,,,,,,,,,,,,,,,,2024-05-11 00:02:34.984000+00:00
wLX8nqVN,False,,,,,,,,,,,,,,,,,,,,,,,,,,,,,,,,,,,,,,,,,,,2024-05-11 00:02:18.988000+00:00
PibwM1Mb,False,,,,,,,,,,,,,,,,,,,,,,,,,,,,,,,,,,,,,,,,,,,2024-05-11 00:02:40.904000+00:00
vDskpIgg,False,,,,,,,,,,,,,,,,,,,,,,,,,,,,,,,,,,,,,,,,,,,2024-05-11 00:02:42.830000+00:00
k7dJaQ0d,False,,,,,,,,,,,,,,,,,,,,,,,,,,,,,,,,,,,,,,,,,,,2024-05-11 00:02:30.989000+00:00
qqmMBabq,False,,,,,,,,,,,,,,,,,,,,,,,,,,,,,,,,,,,,,,,,,,,2024-05-11 00:02:20.267000+00:00
qd1BXBHF,False,,,,,,,,,,,,,,,,,,,,,,,,,,,,,,,,,,,,,,,,,,,2024-05-11 00:02:22.040000+00:00
I4ZQHmc7,False,,,,,,,,,,,,,,,,,,,,,,,,,,,,,,,,,,,,,,,,,,,2024-05-11 00:02:20.247000+00:00
DxKhv6bR,False,,,,,,,,,,,,,,,,,,,,,,,,,,,,,,,,,,,,,,,,,,,2024-05-11 00:02:47.252000+00:00
xaHb3xw2,False,,,,,,,,,,,,,,,,,,,,,,,,,,,,,,,,,,,,,,,,,,,2024-05-11 00:02:34.065000+00:00
IVjxs9Xn,False,,,,,,,,,,,,,,,,,,,,,,,,,,,,,,,,,,,,,,,,,,,2024-05-11 00:02:13.284000+00:00
Jr3UXdoc,False,,,,,,,,,,,,,,,,,,,,,,,,,,,,,,,,,,,,,,,,,,,2024-05-11 00:02:23.278000+00:00
F8jt6tYB,False,,,,,,,,,,,,,,,,,,,,,,,,,,,,,,,,,,,,,,,,,,,2024-05-11 00:02:46.069000+00:00
MKXagAlh,False,,,,,,,,,,,,,,,,,,,,,,,,,,,,,,,,,,,,,,,,,,,2024-05-11 00:02:37.081000+00:00
cREUGF3B,False,,,,,,,,,,,,,,,,,,,,,,,,,,,,,,,,,,,,,,,,,,,2024-05-11 00:02:41.302000+00:00
CboEYzb7,False,,,,,,,,,,,,,,,,,,,,,,,,,,,,,,,,,,,,,,,,,,,2024-05-11 00:02:30.994000+00:00
dXOhQhOt,False,,,,,,,,,,,,,,,,,,,,,,,,,,,,,,,,,,,,,,,,,,,2024-05-11 00:02:34.273000+00:00
xYcRb6rP,False,,,,,,,,,,,,,,,,,,,,,,,,,,,,,,,,,,,,,,,,,,,2024-05-11 00:02:36.988000+00:00
vgBnsZ5t,False,,,,,,,,,,,,,,,,,,,,,,,,,,,,,,,,,,,,,,,,,,,2024-05-11 00:02:42.192000+00:00
d0dI6dM2,False,,,,,,,,,,,,,,,,,,,,,,,,,,,,,,,,,,,,,,,,,,,2024-05-11 00:02:31.134000+00:00
CBJ5YM86,False,,,,,,,,,,,,,,,,,,,,,,,,,,,,,,,,,,,,,,,,,,,2024-05-11 00:02:20+00:00
PKWjsMGg,False,,,,,,,,,,,,,,,,,,,,,,,,,,,,,,,,,,,,,,,,,,,2024-05-11 00:02:18.988000+00:00
dBv1rKPO,False,,,,,,,,,,,,,,,,,,,,,,,,,,,,,,,,,,,,,,,,,,,2024-05-11 00:02:12.990000+00:00
hKH1n4Rf,False,,,,,,,,,,,,,,,,,,,,,,,,,,,,,,,,,,,,,,,,,,,2024-05-11 00:02:38.317000+00:00
TlsjoIys,False,,,,,,,,,,,,,,,,,,,,,,,,,,,,,,,,,,,,,,,,,,,2024-05-11 00:02:15.023000+00:00
iiCu08iz,False,,,,,,,,,,,,,,,,,,,,,,,,,,,,,,,,,,,,,,,,,,,2024-05-11 00:02:36.169000+00:00
mpHWnxIf,False,,,,,,,,,,,,,,,,,,,,,,,,,,,,,,,,,,,,,,,,,,,2024-05-11 00:02:28.983000+00:00
IpNHdUDx,False,,,,,,,,,,,,,,,,,,,,,,,,,,,,,,,,,,,,,,,,,,,2024-05-11 00:02:12.774000+00:00
I7o6uxCF,False,,,,,,,,,,,,,,,,,,,,,,,,,,,,,,,,,,,,,,,,,,,2024-05-11 00:02:40.201000+00:00
drihwVrJ,False,,,,,,,,,,,,,,,,,,,,,,,,,,,,,,,,,,,,,,,,,,,2024-05-11 00:02:15.032000+00:00
sxgX6rXP,False,,,,,,,,,,,,,,,,,,,,,,,,,,,,,,,,,,,,,,,,,,,2024-05-11 00:02:16.679000+00:00
o12nvR2G,False,,,,,,,,,,,,,,,,,,,,,,,,,,,,,,,,,,,,,,,,,,,2024-05-11 00:02:19.029000+00:00
q0RjVpr5,False,,,,,,,,,,,,,,,,,,,,,,,,,,,,,,,,,,,,,,,,,,,2024-05-11 00:02:15.133000+00:00
bD20ejMZ,False,,,,,,,,,,,,,,,,,,,,,,,,,,,,,,,,,,,,,,,,,,,2024-05-11 00:02:36.985000+00:00
wzxbYq72,False,,,,,,,,,,,,,,,,,,,,,,,,,,,,,,,,,,,,,,,,,,,2024-05-11 00:02:35.660000+00:00
Wb4oEZ2o,False,,,,,,,,,,,,,,,,,,,,,,,,,,,,,,,,,,,,,,,,,,,2024-05-11 00:02:31.083000+00:00
YnkJ1YbE,False,,,,,,,,,,,,,,,,,,,,,,,,,,,,,,,,,,,,,,,,,,,2024-05-11 00:02:18.995000+00:00
Q12HmWXK,False,,,,,,,,,,,,,,,,,,,,,,,,,,,,,,,,,,,,,,,,,,,2024-05-11 00:02:34.174000+00:00
fhmGtCBS,False,,,,,,,,,,,,,,,,,,,,,,,,,,,,,,,,,,,,,,,,,,,2024-05-11 00:02:40.299000+00:00
dVIV14sF,False,,,,,,,,,,,,,,,,,,,,,,,,,,,,,,,,,,,,,,,,,,,2024-05-11 00:02:19.104000+00:00
YzlOKAhR,False,,,,,,,,,,,,,,,,,,,,,,,,,,,,,,,,,,,,,,,,,,,2024-05-11 00:02:36.996000+00:00
CQhkbPLU,False,,,,,,,,,,,,,,,,,,,,,,,,,,,,,,,,,,,,,,,,,,,2024-05-11 00:02:45.748000+00:00
Xq3iQG7A,False,,,,,,,,,,,,,,,,,,,,,,,,,,,,,,,,,,,,,,,,,,,2024-05-11 00:02:22.987000+00:00
vQg4oCT0,False,,,,,,,,,,,,,,,,,,,,,,,,,,,,,,,,,,,,,,,,,,,2024-05-12 00:02:26.372000+00:00
sGqsMGlv,False,,,,,,,,,,,,,,,,,,,,,,,,,,,,,,,,,,,,,,,,,,,2024-05-12 00:02:26.504000+00:00
LzxHvwVm,False,,,,,,,,,,,,,,,,,,,,,,,,,,,,,,,,,,,,,,,,,,,2024-05-12 00:02:27.797000+00:00
fgdJcRKf,False,,,,,,,,,,,,,,,,,,,,,,,,,,,,,,,,,,,,,,,,,,,2024-05-11 00:02:17.337000+00:00
XUa9ggXY,False,,,,,,,,,,,,,,,,,,,,,,,,,,,,,,,,,,,,,,,,,,,2024-05-11 00:02:39.256000+00:00
IRVemSeC,False,,,,,,,,,,,,,,,,,,,,,,,,,,,,,,,,,,,,,,,,,,,2024-05-11 00:02:40.464000+00:00
bVLUqNNk,False,,,,,,,,,,,,,,,,,,,,,,,,,,,,,,,,,,,,,,,,,,,2024-05-11 00:02:17.865000+00:00
Wez0q1nI,False,,,,,,,,,,,,,,,,,,,,,,,,,,,,,,,,,,,,,,,,,,,2024-05-11 00:02:48.986000+00:00
Yq2txTe0,False,,,,,,,,,,,,,,,,,,,,,,,,,,,,,,,,,,,,,,,,,,,2024-05-12 00:02:28.234000+00:00
aLoJGhPX,False,,,,,,,,,,,,,,,,,,,,,,,,,,,,,,,,,,,,,,,,,,,2024-05-12 00:02:27.719000+00:00
fiht8i17,False,,,,,,,,,,,,,,,,,,,,,,,,,,,,,,,,,,,,,,,,,,,2024-05-12 00:02:27.407000+00:00
z4O7M4pp,False,,,,,,,,,,,,,,,,,,,,,,,,,,,,,,,,,,,,,,,,,,,2024-05-12 00:02:28.253000+00:00
yud5HMZ4,False,,,,,,,,,,,,,,,,,,,,,,,,,,,,,,,,,,,,,,,,,,,2024-05-11 00:02:34.584000+00:00
HEqdm2Kx,False,,,,,,,,,,,,,,,,,,,,,,,,,,,,,,,,,,,,,,,,,,,2024-05-11 00:02:20.905000+00:00
LzAPLKMT,False,,,,,,,,,,,,,,,,,,,,,,,,,,,,,,,,,,,,,,,,,,,2024-05-11 00:02:30.129000+00:00
PNWzUBMi,False,,,,,,,,,,,,,,,,,,,,,,,,,,,,,,,,,,,,,,,,,,,2024-05-11 00:02:13.185000+00:00
e7hRQtSH,False,,,,,,,,,,,,,,,,,,,,,,,,,,,,,,,,,,,,,,,,,,,2024-05-11 00:02:23.026000+00:00
xyuXnYGW,False,,,,,,,,,,,,,,,,,,,,,,,,,,,,,,,,,,,,,,,,,,,2024-05-11 00:02:12.241000+00:00
QCwykDBd,False,,,,,,,,,,,,,,,,,,,,,,,,,,,,,,,,,,,,,,,,,,,2024-05-11 00:02:12.708000+00:00
rkm5uITk,False,,,,,,,,,,,,,,,,,,,,,,,,,,,,,,,,,,,,,,,,,,,2024-05-11 00:02:33.985000+00:00
XsezE0qD,False,,,,,,,,,,,,,,,,,,,,,,,,,,,,,,,,,,,,,,,,,,,2024-05-11 00:02:28.081000+00:00
kmM8Bu0X,False,,,,,,,,,,,,,,,,,,,,,,,,,,,,,,,,,,,,,,,,,,,2024-05-11 00:02:47.978000+00:00
IfPkI9LL,False,,,,,,,,,,,,,,,,,,,,,,,,,,,,,,,,,,,,,,,,,,,2024-05-11 00:02:12.587000+00:00
XlCI6VzX,False,,,,,,,,,,,,,,,,,,,,,,,,,,,,,,,,,,,,,,,,,,,2024-05-11 00:02:47.531000+00:00
gGIzPCle,False,,,,,,,,,,,,,,,,,,,,,,,,,,,,,,,,,,,,,,,,,,,2024-05-11 00:02:32.324000+00:00
xs0tZs,False,,,,,,,,,,,,,,,,,,,,,,,,,,,,,,,,,,,,,,,,,,,2024-05-11 00:02:49.764000+00:00
GvORz64M,False,,,,,,,,,,,,,,,,,,,,,,,,,,,,,,,,,,,,,,,,,,,2024-05-11 00:02:26.084000+00:00
Taztlocm,False,,,,,,,,,,,,,,,,,,,,,,,,,,,,,,,,,,,,,,,,,,,2024-05-11 00:02:46.946000+00:00
v5fs4MLL,False,,,,,,,,,,,,,,,,,,,,,,,,,,,,,,,,,,,,,,,,,,,2024-05-11 00:02:22.044000+00:00
h4XR8yCW,False,,,,,,,,,,,,,,,,,,,,,,,,,,,,,,,,,,,,,,,,,,,2024-05-11 00:02:28.484000+00:00
JX6dEC4T,False,,,,,,,,,,,,,,,,,,,,,,,,,,,,,,,,,,,,,,,,,,,2024-05-11 00:02:46.574000+00:00
lFv5cmYE,False,,,,,,,,,,,,,,,,,,,,,,,,,,,,,,,,,,,,,,,,,,,2024-05-12 00:02:26.725000+00:00
Nr4sCjxF,False,,,,,,,,,,,,,,,,,,,,,,,,,,,,,,,,,,,,,,,,,,,2024-05-12 00:02:26.745000+00:00
vhsTpLjY,False,,,,,,,,,,,,,,,,,,,,,,,,,,,,,,,,,,,,,,,,,,,2024-05-12 00:02:27.357000+00:00
fvZ2fdz9,False,,,,,,,,,,,,,,,,,,,,,,,,,,,,,,,,,,,,,,,,,,,2024-05-11 00:02:44.716000+00:00
TXOxFsVH,False,,,,,,,,,,,,,,,,,,,,,,,,,,,,,,,,,,,,,,,,,,,2024-05-11 00:02:16.085000+00:00
qVTFVRU8,False,,,,,,,,,,,,,,,,,,,,,,,,,,,,,,,,,,,,,,,,,,,2024-05-11 00:02:27.120000+00:00
eP2SuErS,False,,,,,,,,,,,,,,,,,,,,,,,,,,,,,,,,,,,,,,,,,,,2024-05-11 00:02:37.985000+00:00
itxnQ5Vk,False,,,,,,,,,,,,,,,,,,,,,,,,,,,,,,,,,,,,,,,,,,,2024-05-11 00:02:27.985000+00:00
zGAJwdex,False,,,,,,,,,,,,,,,,,,,,,,,,,,,,,,,,,,,,,,,,,,,2024-05-11 00:02:45.465000+00:00
gmvhyLfk,False,,,,,,,,,,,,,,,,,,,,,,,,,,,,,,,,,,,,,,,,,,,2024-05-11 00:02:32.049000+00:00
UVdQsqBZ,False,,,,,,,,,,,,,,,,,,,,,,,,,,,,,,,,,,,,,,,,,,,2024-05-11 00:02:43.028000+00:00
FXuUqlhr,False,,,,,,,,,,,,,,,,,,,,,,,,,,,,,,,,,,,,,,,,,,,2024-05-11 00:02:46.515000+00:00
ISqXIIGr,False,,,,,,,,,,,,,,,,,,,,,,,,,,,,,,,,,,,,,,,,,,,2024-05-11 00:02:27.055000+00:00
D2ZGBXmn,False,,,,,,,,,,,,,,,,,,,,,,,,,,,,,,,,,,,,,,,,,,,2024-05-11 00:02:15.995000+00:00
UKxdVnQv,False,,,,,,,,,,,,,,,,,,,,,,,,,,,,,,,,,,,,,,,,,,,2024-05-11 00:02:27.061000+00:00
zJQAWgxz,False,,,,,,,,,,,,,,,,,,,,,,,,,,,,,,,,,,,,,,,,,,,2024-05-11 00:02:13.099000+00:00
j7mMhWyf,False,,,,,,,,,,,,,,,,,,,,,,,,,,,,,,,,,,,,,,,,,,,2024-05-11 00:02:15.147000+00:00
mP8GzNoV,False,,,,,,,,,,,,,,,,,,,,,,,,,,,,,,,,,,,,,,,,,,,2024-05-11 00:02:28.986000+00:00
udYoS9Jd,False,,,,,,,,,,,,,,,,,,,,,,,,,,,,,,,,,,,,,,,,,,,2024-05-11 00:02:31.126000+00:00
hirHnWqp,False,,,,,,,,,,,,,,,,,,,,,,,,,,,,,,,,,,,,,,,,,,,2024-05-11 00:02:29.396000+00:00
yJhVac,False,,,,,,,,,,,,,,,,,,,,,,,,,,,,,,,,,,,,,,,,,,,2024-05-11 00:02:49.106000+00:00
wDlqAkFc,False,,,,,,,,,,,,,,,,,,,,,,,,,,,,,,,,,,,,,,,,,,,2024-05-11 00:02:49.933000+00:00
e4ufGQWR,False,,,,,,,,,,,,,,,,,,,,,,,,,,,,,,,,,,,,,,,,,,,2024-05-11 00:02:23.161000+00:00
bnMZx3gX,False,,,,,,,,,,,,,,,,,,,,,,,,,,,,,,,,,,,,,,,,,,,2024-05-11 00:02:30.995000+00:00
u0TPD34T,False,,,,,,,,,,,,,,,,,,,,,,,,,,,,,,,,,,,,,,,,,,,2024-05-11 00:02:37.984000+00:00
HexkhBho,False,,,,,,,,,,,,,,,,,,,,,,,,,,,,,,,,,,,,,,,,,,,2024-05-11 00:02:22.984000+00:00
tfFJLomK,False,,,,,,,,,,,,,,,,,,,,,,,,,,,,,,,,,,,,,,,,,,,2024-05-11 00:02:28.177000+00:00
SlUPej,False,,,,,,,,,,,,,,,,,,,,,,,,,,,,,,,,,,,,,,,,,,,2024-05-11 00:02:50.193000+00:00
yZEnW677,False,,,,,,,,,,,,,,,,,,,,,,,,,,,,,,,,,,,,,,,,,,,2024-05-11 00:02:12.242000+00:00
WS3wWFs4,False,,,,,,,,,,,,,,,,,,,,,,,,,,,,,,,,,,,,,,,,,,,2024-05-11 00:02:35.727000+00:00
ZOpKMHvg,False,,,,,,,,,,,,,,,,,,,,,,,,,,,,,,,,,,,,,,,,,,,2024-05-11 00:02:30.156000+00:00
WtnwWfU9,False,,,,,,,,,,,,,,,,,,,,,,,,,,,,,,,,,,,,,,,,,,,2024-05-11 00:02:33.307000+00:00
dESsecix,True,,,,,,,,,,,,,,,,,,,,,,,,,,,,,,,,,,,,,,,,,,,2023-05-22 08:30:30.795000+00:00
